scenario;start_timestamp;end_timestamp;weekday;hour;period;waiters;cooks
2;05/01/1970 07:00;05/01/1970 11:00;Monday;07:00:00;morning;1;1
2;05/01/1970 11:00;05/01/1970 15:00;Monday;11:00:00;lunch;5;4
2;05/01/1970 15:00;05/01/1970 19:00;Monday;15:00:00;break;2;1
2;05/01/1970 19:00;05/01/1970 23:00;Monday;19:00:00;dinner;6;5
2;05/01/1970 23:00;06/01/1970 07:00;Monday;23:00:00;closed;1;1
2;06/01/1970 07:00;06/01/1970 11:00;Tuesday;07:00:00;morning;1;1
2;06/01/1970 11:00;06/01/1970 15:00;Tuesday;11:00:00;lunch;5;4
2;06/01/1970 15:00;06/01/1970 19:00;Tuesday;15:00:00;break;2;1
2;06/01/1970 19:00;06/01/1970 23:00;Tuesday;19:00:00;dinner;6;5
2;06/01/1970 23:00;07/01/1970 07:00;Tuesday;23:00:00;closed;1;1
2;07/01/1970 07:00;07/01/1970 11:00;Wednesday;07:00:00;morning;1;1
2;07/01/1970 11:00;07/01/1970 15:00;Wednesday;11:00:00;lunch;5;4
2;07/01/1970 15:00;07/01/1970 19:00;Wednesday;15:00:00;break;2;1
2;07/01/1970 19:00;07/01/1970 23:00;Wednesday;19:00:00;dinner;6;5
2;07/01/1970 23:00;08/01/1970 07:00;Wednesday;23:00:00;closed;1;1
2;08/01/1970 07:00;08/01/1970 11:00;Thursday;07:00:00;morning;1;1
2;08/01/1970 11:00;08/01/1970 15:00;Thursday;11:00:00;lunch;5;4
2;08/01/1970 15:00;08/01/1970 19:00;Thursday;15:00:00;break;2;1
2;08/01/1970 19:00;08/01/1970 23:00;Thursday;19:00:00;dinner;6;5
2;08/01/1970 23:00;09/01/1970 07:00;Thursday;23:00:00;closed;1;1
2;09/01/1970 07:00;09/01/1970 11:00;Friday;07:00:00;morning;1;1
2;09/01/1970 11:00;09/01/1970 15:00;Friday;11:00:00;lunch;5;4
2;09/01/1970 15:00;09/01/1970 19:00;Friday;15:00:00;break;2;1
2;09/01/1970 19:00;09/01/1970 23:00;Friday;19:00:00;dinner;6;5
2;09/01/1970 23:00;10/01/1970 07:00;Friday;23:00:00;closed;3;3
2;10/01/1970 07:00;10/01/1970 11:00;Saturday;07:00:00;morning;1;1
2;10/01/1970 11:00;10/01/1970 15:00;Saturday;11:00:00;lunch;5;4
2;10/01/1970 15:00;10/01/1970 19:00;Saturday;15:00:00;break;3;2
2;10/01/1970 19:00;10/01/1970 23:00;Saturday;19:00:00;dinner;6;5
2;10/01/1970 23:00;11/01/1970 07:00;Saturday;23:00:00;closed;4;3
2;11/01/1970 07:00;11/01/1970 11:00;Sunday;07:00:00;morning;1;1
2;11/01/1970 11:00;11/01/1970 15:00;Sunday;11:00:00;lunch;5;4
2;11/01/1970 15:00;11/01/1970 19:00;Sunday;15:00:00;break;3;2
2;11/01/1970 19:00;11/01/1970 23:00;Sunday;19:00:00;dinner;6;5
2;11/01/1970 23:00;12/01/1970 07:00;Sunday;23:00:00;closed;4;5
