weekday,daypart,stayTime,lastCustomerHour
SUNDAY,BREAKFAST,25.51015438596491,-1.0
SUNDAY,LUNCH,140.97837205882354,-1.0
SUNDAY,BREAK,204.1623111111111,-1.0
SUNDAY,DINNER,121.12034848484849,-1.0
SUNDAY,CLOSED,0.0,23.736717222222225
MONDAY,BREAKFAST,22.36645303030303,-1.0
MONDAY,LUNCH,67.53674895833333,-1.0
MONDAY,BREAK,28.894095833333335,-1.0
MONDAY,DINNER,84.12192800000001,-1.0
MONDAY,CLOSED,0.0,23.843487500000002
TUESDAY,BREAKFAST,22.014868749999998,-1.0
TUESDAY,LUNCH,59.170945238095236,-1.0
TUESDAY,BREAK,33.35626111111111,-1.0
TUESDAY,DINNER,93.45982681159421,-1.0
TUESDAY,CLOSED,0.0,23.59547472222222
WEDNESDAY,BREAKFAST,21.740010256410258,-1.0
WEDNESDAY,LUNCH,60.72696041666667,-1.0
WEDNESDAY,BREAK,32.5176375,-1.0
WEDNESDAY,DINNER,91.5980537037037,-1.0
WEDNESDAY,CLOSED,0.0,23.24836388888889
THURSDAY,BREAKFAST,20.409727450980395,-1.0
THURSDAY,LUNCH,60.88661979166667,-1.0
THURSDAY,BREAK,38.95655555555556,-1.0
THURSDAY,DINNER,84.76862272727273,-1.0
THURSDAY,CLOSED,0.0,23.726525
FRIDAY,BREAKFAST,21.620638888888887,-1.0
FRIDAY,LUNCH,68.60283768115941,-1.0
FRIDAY,BREAK,38.30529743589744,-1.0
FRIDAY,DINNER,135.04781458333332,-1.0
FRIDAY,CLOSED,0.0,24.47016361111111
SATURDAY,BREAKFAST,24.11290238095238,-1.0
SATURDAY,LUNCH,121.76394523809525,-1.0
SATURDAY,BREAK,148.35964733333333,-1.0
SATURDAY,DINNER,130.10206913580248,-1.0
SATURDAY,CLOSED,0.0,25.149335555555556
