weekday,daypart,waitersInShift,waitersHours,waitersSalary,waitersOvertimeSalary,waitersTotalSalary,cooksInShift,cooksHours,cooksSalary,cooksOvertimeSalary,cooksTotalSalary,earned,netProfit,cumulativeNetProfit
MONDAY,BREAKFAST,2.0,4.0,96.0,0.0,96.0,2.0,4.0,120.0,0.0,120.0,89.6,-126.4,-1126.4
MONDAY,LUNCH,5.0,4.0,240.0,0.0,240.0,4.0,4.0,240.0,0.0,240.0,568.3,88.29999999999995,-1038.1
MONDAY,BREAK,3.0,4.0,144.0,0.0,144.0,2.0,4.0,120.0,0.0,120.0,311.7,47.69999999999999,-990.4000000000001
MONDAY,DINNER,6.0,4.0,288.0,0.0,288.0,5.0,4.0,300.0,0.0,300.0,981.5,393.5,-596.9000000000001
MONDAY,CLOSED,1.0,8.0,96.0,16.0,112.0,1.0,8.0,120.0,19.0,139.0,360.0,109.0,-487.9000000000001
TUESDAY,BREAKFAST,2.0,4.0,96.0,0.0,96.0,2.0,4.0,120.0,0.0,120.0,133.0,-83.0,-570.9000000000001
TUESDAY,LUNCH,5.0,4.0,240.0,0.0,240.0,4.0,4.0,240.0,0.0,240.0,625.6,145.60000000000002,-425.3000000000002
TUESDAY,BREAK,3.0,4.0,144.0,0.0,144.0,2.0,4.0,120.0,0.0,120.0,369.5,105.5,-319.8000000000002
TUESDAY,DINNER,6.0,4.0,288.0,0.0,288.0,5.0,4.0,300.0,0.0,300.0,604.0,16.0,-303.8000000000002
TUESDAY,CLOSED,1.0,8.0,96.0,7.466666666666667,103.46666666666667,1.0,8.0,120.0,8.866666666666667,128.86666666666667,333.5,101.16666666666666,-202.63333333333367
WEDNESDAY,BREAKFAST,2.0,4.0,96.0,0.0,96.0,2.0,4.0,120.0,0.0,120.0,69.1,-146.9,-349.5333333333333
WEDNESDAY,LUNCH,5.0,4.0,240.0,0.0,240.0,4.0,4.0,240.0,0.0,240.0,595.4,115.39999999999998,-234.13333333333412
WEDNESDAY,BREAK,3.0,4.0,144.0,0.0,144.0,2.0,4.0,120.0,0.0,120.0,217.7,-46.30000000000001,-280.4333333333343
WEDNESDAY,DINNER,6.0,4.0,288.0,0.0,288.0,5.0,4.0,300.0,0.0,300.0,695.1,107.10000000000002,-173.33333333333394
WEDNESDAY,CLOSED,1.0,8.0,96.0,8.8,104.8,1.0,8.0,120.0,10.450000000000001,130.45,151.5,-83.75,-257.08333333333394
THURSDAY,BREAKFAST,2.0,4.0,96.0,0.0,96.0,2.0,4.0,120.0,0.0,120.0,120.8,-95.2,-352.28333333333376
THURSDAY,LUNCH,5.0,4.0,240.0,0.0,240.0,4.0,4.0,240.0,0.0,240.0,620.5,140.5,-211.78333333333376
THURSDAY,BREAK,3.0,4.0,144.0,0.0,144.0,2.0,4.0,120.0,0.0,120.0,412.8,148.8,-62.983333333333576
THURSDAY,DINNER,6.0,4.0,288.0,0.0,288.0,5.0,4.0,300.0,0.0,300.0,1058.6,470.5999999999999,407.6166666666668
THURSDAY,CLOSED,1.0,8.0,96.0,49.333333333333336,145.33333333333334,1.0,8.0,120.0,58.583333333333336,178.58333333333334,1125.5,801.5833333333333,1209.1999999999998
FRIDAY,BREAKFAST,2.0,4.0,96.0,0.0,96.0,2.0,4.0,120.0,0.0,120.0,114.1,-101.9,1107.3000000000002
FRIDAY,LUNCH,5.0,4.0,240.0,0.0,240.0,4.0,4.0,240.0,0.0,240.0,893.5,413.5,1520.8000000000002
FRIDAY,BREAK,3.0,4.0,144.0,0.0,144.0,2.0,4.0,120.0,0.0,120.0,841.2,577.2,2098.000000000002
FRIDAY,DINNER,6.0,4.0,288.0,0.0,288.0,5.0,4.0,300.0,0.0,300.0,1071.3,483.29999999999995,2581.300000000001
FRIDAY,CLOSED,3.0,8.0,288.0,80.8,368.8,3.0,8.0,360.0,95.95,455.95,1295.5,470.75,3052.050000000001
SATURDAY,BREAKFAST,2.0,4.0,96.0,0.0,96.0,2.0,4.0,120.0,0.0,120.0,99.2,-116.8,2935.250000000002
SATURDAY,LUNCH,5.0,4.0,240.0,0.0,240.0,4.0,4.0,240.0,0.0,240.0,859.1,379.1,3314.350000000002
SATURDAY,BREAK,3.0,4.0,144.0,0.0,144.0,2.0,4.0,120.0,0.0,120.0,1063.8,799.8,4114.1500000000015
SATURDAY,DINNER,6.0,4.0,288.0,0.0,288.0,5.0,4.0,300.0,0.0,300.0,1316.2,728.2,4842.350000000002
SATURDAY,CLOSED,4.0,8.0,384.0,209.06666666666666,593.0666666666666,3.0,8.0,360.0,186.20000000000002,546.2,1858.0,718.7333333333333,5561.083333333336
SUNDAY,BREAKFAST,2.0,4.0,96.0,0.0,96.0,2.0,4.0,120.0,0.0,120.0,42.6,-173.4,5387.683333333334
SUNDAY,LUNCH,5.0,4.0,240.0,0.0,240.0,4.0,4.0,240.0,0.0,240.0,873.7,393.70000000000005,5781.383333333335
SUNDAY,BREAK,3.0,4.0,144.0,0.0,144.0,2.0,4.0,120.0,0.0,120.0,910.5,646.5,6427.883333333335
SUNDAY,DINNER,6.0,4.0,288.0,0.0,288.0,5.0,4.0,300.0,0.0,300.0,1363.7,775.7,7203.583333333336
SUNDAY,CLOSED,4.0,8.0,384.0,119.46666666666667,503.4666666666667,5.0,8.0,600.0,177.33333333333334,777.3333333333334,1510.5,229.70000000000005,7433.2833333333365
