weekday,daypart,meanIdleTime
SUNDAY,BREAKFAST,8.244845911949685
SUNDAY,LUNCH,12.497755681818182
SUNDAY,BREAK,17.414290170940173
SUNDAY,DINNER,17.372535772357722
SUNDAY,CLOSED,23.989030555555555
MONDAY,BREAKFAST,10.13815
MONDAY,LUNCH,15.646606862745099
MONDAY,BREAK,34.74324133333334
MONDAY,DINNER,36.776453645833335
MONDAY,CLOSED,24.936533333333333
TUESDAY,BREAKFAST,10.661384090909092
TUESDAY,LUNCH,19.079150476190478
TUESDAY,BREAK,50.20975166666666
TUESDAY,DINNER,33.20082791666667
TUESDAY,CLOSED,16.611605555555556
WEDNESDAY,BREAKFAST,15.292479444444444
WEDNESDAY,LUNCH,17.778856666666666
WEDNESDAY,BREAK,24.951168589743588
WEDNESDAY,DINNER,34.060579385964914
WEDNESDAY,CLOSED,2.5250944444444445
THURSDAY,BREAKFAST,11.171882704402515
THURSDAY,LUNCH,16.385101977401128
THURSDAY,BREAK,25.55621568627451
THURSDAY,DINNER,15.667171461187214
THURSDAY,CLOSED,9.949636666666667
FRIDAY,BREAKFAST,12.859291287878788
FRIDAY,LUNCH,14.461243333333332
FRIDAY,BREAK,24.724301149425287
FRIDAY,DINNER,16.539781249999997
FRIDAY,CLOSED,24.07202142857143
SATURDAY,BREAKFAST,6.67564781420765
SATURDAY,LUNCH,10.285582121212121
SATURDAY,BREAK,17.12254861111111
SATURDAY,DINNER,18.047427510040162
SATURDAY,CLOSED,27.693315384615385
