start_timestamp;end_timestamp;arrival_rate;weekday;hour;avg_group_size
1970-01-05 07:00:00;1970-01-05 08:00:00;1,7;Monday;07:00:00;1,3
1970-01-05 08:00:00;1970-01-05 09:00:00;4,0;Monday;08:00:00;1,3
1970-01-05 09:00:00;1970-01-05 10:00:00;4,7;Monday;09:00:00;1,3
1970-01-05 10:00:00;1970-01-05 11:00:00;2,7;Monday;10:00:00;1,3
1970-01-05 11:00:00;1970-01-05 12:00:00;2,0;Monday;11:00:00;2,2
1970-01-05 12:00:00;1970-01-05 13:00:00;6,0;Monday;12:00:00;2,2
1970-01-05 13:00:00;1970-01-05 14:00:00;9,3;Monday;13:00:00;2,2
1970-01-05 14:00:00;1970-01-05 15:00:00;5,3;Monday;14:00:00;2,2
1970-01-05 15:00:00;1970-01-05 16:00:00;1,3;Monday;15:00:00;1,8
1970-01-05 16:00:00;1970-01-05 17:00:00;1,0;Monday;16:00:00;1,8
1970-01-05 17:00:00;1970-01-05 18:00:00;1,7;Monday;17:00:00;1,8
1970-01-05 18:00:00;1970-01-05 19:00:00;4,0;Monday;18:00:00;1,8
1970-01-05 19:00:00;1970-01-05 20:00:00;6,0;Monday;19:00:00;2,8
1970-01-05 20:00:00;1970-01-05 21:00:00;6,7;Monday;20:00:00;2,8
1970-01-05 21:00:00;1970-01-05 22:00:00;4,0;Monday;21:00:00;2,8
1970-01-05 22:00:00;1970-01-05 23:00:00;1,7;Monday;22:00:00;2,8
1970-01-05 23:00:00;1970-01-06 07:00:00;0,0;Monday;23:00:00;2
1970-01-06 07:00:00;1970-01-06 08:00:00;1,7;Tuesday;07:00:00;1,3
1970-01-06 08:00:00;1970-01-06 09:00:00;4,7;Tuesday;08:00:00;1,3
1970-01-06 09:00:00;1970-01-06 10:00:00;5,0;Tuesday;09:00:00;1,3
1970-01-06 10:00:00;1970-01-06 11:00:00;2,7;Tuesday;10:00:00;1,3
1970-01-06 11:00:00;1970-01-06 12:00:00;2,0;Tuesday;11:00:00;2,2
1970-01-06 12:00:00;1970-01-06 13:00:00;6,3;Tuesday;12:00:00;2,2
1970-01-06 13:00:00;1970-01-06 14:00:00;9,7;Tuesday;13:00:00;2,2
1970-01-06 14:00:00;1970-01-06 15:00:00;5,3;Tuesday;14:00:00;2,2
1970-01-06 15:00:00;1970-01-06 16:00:00;1,3;Tuesday;15:00:00;1,8
1970-01-06 16:00:00;1970-01-06 17:00:00;1,0;Tuesday;16:00:00;1,8
1970-01-06 17:00:00;1970-01-06 18:00:00;2,0;Tuesday;17:00:00;1,8
1970-01-06 18:00:00;1970-01-06 19:00:00;4,0;Tuesday;18:00:00;1,8
1970-01-06 19:00:00;1970-01-06 20:00:00;6,3;Tuesday;19:00:00;2,8
1970-01-06 20:00:00;1970-01-06 21:00:00;8,3;Tuesday;20:00:00;2,8
1970-01-06 21:00:00;1970-01-06 22:00:00;4,0;Tuesday;21:00:00;2,8
1970-01-06 22:00:00;1970-01-06 23:00:00;1,7;Tuesday;22:00:00;2,8
1970-01-06 23:00:00;1970-01-07 07:00:00;0,0;Tuesday;23:00:00;2
1970-01-07 07:00:00;1970-01-07 08:00:00;1,7;Wednesday;07:00:00;1,3
1970-01-07 08:00:00;1970-01-07 09:00:00;4,3;Wednesday;08:00:00;1,3
1970-01-07 09:00:00;1970-01-07 10:00:00;5,0;Wednesday;09:00:00;1,3
1970-01-07 10:00:00;1970-01-07 11:00:00;2,7;Wednesday;10:00:00;1,3
1970-01-07 11:00:00;1970-01-07 12:00:00;2,0;Wednesday;11:00:00;2,2
1970-01-07 12:00:00;1970-01-07 13:00:00;6,7;Wednesday;12:00:00;2,2
1970-01-07 13:00:00;1970-01-07 14:00:00;9,7;Wednesday;13:00:00;2,2
1970-01-07 14:00:00;1970-01-07 15:00:00;5,3;Wednesday;14:00:00;2,2
1970-01-07 15:00:00;1970-01-07 16:00:00;1,3;Wednesday;15:00:00;1,8
1970-01-07 16:00:00;1970-01-07 17:00:00;1,0;Wednesday;16:00:00;1,8
1970-01-07 17:00:00;1970-01-07 18:00:00;2,0;Wednesday;17:00:00;1,8
1970-01-07 18:00:00;1970-01-07 19:00:00;4,3;Wednesday;18:00:00;1,8
1970-01-07 19:00:00;1970-01-07 20:00:00;6,3;Wednesday;19:00:00;2,8
1970-01-07 20:00:00;1970-01-07 21:00:00;7,0;Wednesday;20:00:00;2,8
1970-01-07 21:00:00;1970-01-07 22:00:00;4,3;Wednesday;21:00:00;2,8
1970-01-07 22:00:00;1970-01-07 23:00:00;2,0;Wednesday;22:00:00;2,8
1970-01-07 23:00:00;1970-01-08 07:00:00;0,0;Wednesday;23:00:00;2
1970-01-08 07:00:00;1970-01-08 08:00:00;2,0;Thursday;07:00:00;1,3
1970-01-08 08:00:00;1970-01-08 09:00:00;4,7;Thursday;08:00:00;1,3
1970-01-08 09:00:00;1970-01-08 10:00:00;5,3;Thursday;09:00:00;1,3
1970-01-08 10:00:00;1970-01-08 11:00:00;3,0;Thursday;10:00:00;1,3
1970-01-08 11:00:00;1970-01-08 12:00:00;2,3;Thursday;11:00:00;2,2
1970-01-08 12:00:00;1970-01-08 13:00:00;6,7;Thursday;12:00:00;2,2
1970-01-08 13:00:00;1970-01-08 14:00:00;10,0;Thursday;13:00:00;2,2
1970-01-08 14:00:00;1970-01-08 15:00:00;5,7;Thursday;14:00:00;2,2
1970-01-08 15:00:00;1970-01-08 16:00:00;1,7;Thursday;15:00:00;1,8
1970-01-08 16:00:00;1970-01-08 17:00:00;1,3;Thursday;16:00:00;1,8
1970-01-08 17:00:00;1970-01-08 18:00:00;2,3;Thursday;17:00:00;1,8
1970-01-08 18:00:00;1970-01-08 19:00:00;5,0;Thursday;18:00:00;1,8
1970-01-08 19:00:00;1970-01-08 20:00:00;6,7;Thursday;19:00:00;2,8
1970-01-08 20:00:00;1970-01-08 21:00:00;7,3;Thursday;20:00:00;2,8
1970-01-08 21:00:00;1970-01-08 22:00:00;5,0;Thursday;21:00:00;2,8
1970-01-08 22:00:00;1970-01-08 23:00:00;2,3;Thursday;22:00:00;2,8
1970-01-08 23:00:00;1970-01-09 07:00:00;0,0;Thursday;23:00:00;2
1970-01-09 07:00:00;1970-01-09 08:00:00;2,0;Friday;07:00:00;1,3
1970-01-09 08:00:00;1970-01-09 09:00:00;5,0;Friday;08:00:00;1,3
1970-01-09 09:00:00;1970-01-09 10:00:00;5,7;Friday;09:00:00;1,3
1970-01-09 10:00:00;1970-01-09 11:00:00;3,3;Friday;10:00:00;1,3
1970-01-09 11:00:00;1970-01-09 12:00:00;3,0;Friday;11:00:00;2,5
1970-01-09 12:00:00;1970-01-09 13:00:00;7,3;Friday;12:00:00;2,5
1970-01-09 13:00:00;1970-01-09 14:00:00;10,7;Friday;13:00:00;2,5
1970-01-09 14:00:00;1970-01-09 15:00:00;6,7;Friday;14:00:00;2,5
1970-01-09 15:00:00;1970-01-09 16:00:00;2,0;Friday;15:00:00;2
1970-01-09 16:00:00;1970-01-09 17:00:00;2,3;Friday;16:00:00;2
1970-01-09 17:00:00;1970-01-09 18:00:00;4,0;Friday;17:00:00;2
1970-01-09 18:00:00;1970-01-09 19:00:00;6,0;Friday;18:00:00;2
1970-01-09 19:00:00;1970-01-09 20:00:00;8,7;Friday;19:00:00;3,8
1970-01-09 20:00:00;1970-01-09 21:00:00;9,3;Friday;20:00:00;3,8
1970-01-09 21:00:00;1970-01-09 22:00:00;7,3;Friday;21:00:00;3,8
1970-01-09 22:00:00;1970-01-09 23:00:00;4,0;Friday;22:00:00;3,8
1970-01-09 23:00:00;1970-01-10 07:00:00;0,0;Friday;23:00:00;2,5
1970-01-10 07:00:00;1970-01-10 08:00:00;1,0;Saturday;07:00:00;2
1970-01-10 08:00:00;1970-01-10 09:00:00;2,0;Saturday;08:00:00;2
1970-01-10 09:00:00;1970-01-10 10:00:00;5,3;Saturday;09:00:00;2
1970-01-10 10:00:00;1970-01-10 11:00:00;8,0;Saturday;10:00:00;2
1970-01-10 11:00:00;1970-01-10 12:00:00;8,7;Saturday;11:00:00;3,5
1970-01-10 12:00:00;1970-01-10 13:00:00;8,0;Saturday;12:00:00;3,5
1970-01-10 13:00:00;1970-01-10 14:00:00;9,3;Saturday;13:00:00;3,5
1970-01-10 14:00:00;1970-01-10 15:00:00;8,0;Saturday;14:00:00;3,5
1970-01-10 15:00:00;1970-01-10 16:00:00;4,0;Saturday;15:00:00;2,5
1970-01-10 16:00:00;1970-01-10 17:00:00;3,3;Saturday;16:00:00;2,5
1970-01-10 17:00:00;1970-01-10 18:00:00;4,7;Saturday;17:00:00;2,5
1970-01-10 18:00:00;1970-01-10 19:00:00;7,3;Saturday;18:00:00;2,5
1970-01-10 19:00:00;1970-01-10 20:00:00;10,0;Saturday;19:00:00;4,2
1970-01-10 20:00:00;1970-01-10 21:00:00;10,7;Saturday;20:00:00;4,2
1970-01-10 21:00:00;1970-01-10 22:00:00;8,7;Saturday;21:00:00;4,2
1970-01-10 22:00:00;1970-01-10 23:00:00;5,3;Saturday;22:00:00;4,2
1970-01-10 23:00:00;1970-01-11 07:00:00;0,0;Saturday;23:00:00;3
1970-01-11 07:00:00;1970-01-11 08:00:00;1,0;Sunday;07:00:00;2
1970-01-11 08:00:00;1970-01-11 09:00:00;1,7;Sunday;08:00:00;2
1970-01-11 09:00:00;1970-01-11 10:00:00;4,7;Sunday;09:00:00;2
1970-01-11 10:00:00;1970-01-11 11:00:00;6,7;Sunday;10:00:00;2
1970-01-11 11:00:00;1970-01-11 12:00:00;7,3;Sunday;11:00:00;3,5
1970-01-11 12:00:00;1970-01-11 13:00:00;8,7;Sunday;12:00:00;3,5
1970-01-11 13:00:00;1970-01-11 14:00:00;9,3;Sunday;13:00:00;3,5
1970-01-11 14:00:00;1970-01-11 15:00:00;8,0;Sunday;14:00:00;3,5
1970-01-11 15:00:00;1970-01-11 16:00:00;4,7;Sunday;15:00:00;2,5
1970-01-11 16:00:00;1970-01-11 17:00:00;3,3;Sunday;16:00:00;2,5
1970-01-11 17:00:00;1970-01-11 18:00:00;3,3;Sunday;17:00:00;2,5
1970-01-11 18:00:00;1970-01-11 19:00:00;6,0;Sunday;18:00:00;2,5
1970-01-11 19:00:00;1970-01-11 20:00:00;7,3;Sunday;19:00:00;4,2
1970-01-11 20:00:00;1970-01-11 21:00:00;8,0;Sunday;20:00:00;4,2
1970-01-11 21:00:00;1970-01-11 22:00:00;6,0;Sunday;21:00:00;4,2
1970-01-11 22:00:00;1970-01-11 23:00:00;3,3;Sunday;22:00:00;4,2
1970-01-11 23:00:00;1970-01-12 07:00:00;0,0;Sunday;23:00:00;0
