kpi,metric,weekday,daypart,n,mean,std,se,ci,ci_low,ci_high
customerWaitTable,waitTimeTable,FRIDAY,BREAK,100,0.8019547776736047,0.10859426638775967,0.010859426638775966,0.021284085104755743,0.7806706925688489,0.8232388627783604
customerWaitTable,waitTimeTable,FRIDAY,BREAKFAST,100,1.2878175293259466,0.4631124742086401,0.04631124742086401,0.09076837702401691,1.1970491523019298,1.3785859063499635
customerWaitTable,waitTimeTable,FRIDAY,CLOSED,100,0.0,0.0,0.0,0.0,0.0,0.0
customerWaitTable,waitTimeTable,FRIDAY,DINNER,100,0.8144328624931396,0.061249721952123755,0.006124972195212375,0.012004724908925487,0.8024281375842142,0.8264375874020651
customerWaitTable,waitTimeTable,FRIDAY,LUNCH,100,0.7533010798459948,0.05868745465260198,0.005868745465260198,0.011502529746342749,0.741798550099652,0.7648036095923376
customerWaitTable,waitTimeTable,MONDAY,BREAK,100,0.8217881472860475,0.11810322263637578,0.011810322263637579,0.023147806282541213,0.7986403410035063,0.8449359535685887
customerWaitTable,waitTimeTable,MONDAY,BREAKFAST,100,1.1647238985748865,0.34714125199681656,0.03471412519968166,0.06803843514619035,1.0966854634286962,1.2327623337210767
customerWaitTable,waitTimeTable,MONDAY,CLOSED,100,0.0,0.0,0.0,0.0,0.0,0.0
customerWaitTable,waitTimeTable,MONDAY,DINNER,100,0.7814095204511452,0.07186346024387516,0.007186346024387516,0.014084979388242129,0.767324541062903,0.7954944998393874
customerWaitTable,waitTimeTable,MONDAY,LUNCH,100,0.7434120753498128,0.06070180602716853,0.006070180602716853,0.011897335360978667,0.7315147399888341,0.7553094107107915
customerWaitTable,waitTimeTable,SATURDAY,BREAK,100,0.7482118756928078,0.08238516957681045,0.008238516957681045,0.01614719652307734,0.7320646791697304,0.7643590722158852
customerWaitTable,waitTimeTable,SATURDAY,BREAKFAST,100,1.6100214963640604,0.5306720065464643,0.05306720065464643,0.10400980204346735,1.506011694320593,1.7140312984075279
customerWaitTable,waitTimeTable,SATURDAY,CLOSED,100,0.003645666666666666,0.03645666666666666,0.003645666666666666,0.007145375366304854,-0.0034997086996381883,0.01079104203297152
customerWaitTable,waitTimeTable,SATURDAY,DINNER,100,0.7626362852837814,0.08201128556848007,0.008201128556848007,0.01607391660400504,0.7465623686797763,0.7787102018877864
customerWaitTable,waitTimeTable,SATURDAY,LUNCH,100,0.7909280804490626,0.043550450998530305,0.0043550450998530305,0.008535731546759582,0.782392348902303,0.7994638119958222
customerWaitTable,waitTimeTable,SUNDAY,BREAK,100,0.7385236279981723,0.0871260005735866,0.00871260005735866,0.01707638232412458,0.7214472456740477,0.7556000103222968
customerWaitTable,waitTimeTable,SUNDAY,BREAKFAST,100,1.3412459509768309,0.46835483235779696,0.0468354832357797,0.09179586034065766,1.2494500906361732,1.4330418113174885
customerWaitTable,waitTimeTable,SUNDAY,CLOSED,100,0.0,0.0,0.0,0.0,0.0,0.0
customerWaitTable,waitTimeTable,SUNDAY,DINNER,100,0.8006276997950147,0.07623492453178235,0.007623492453178235,0.014941770644642242,0.7856859291503725,0.8155694704396569
customerWaitTable,waitTimeTable,SUNDAY,LUNCH,100,0.7859689182346643,0.05142021158812568,0.005142021158812568,0.010078176279015544,0.7758907419556488,0.7960470945136798
customerWaitTable,waitTimeTable,THURSDAY,BREAK,100,0.8075097372199288,0.1238634770901389,0.01238634770901389,0.02427679540965743,0.7832329418102714,0.8317865326295862
customerWaitTable,waitTimeTable,THURSDAY,BREAKFAST,100,1.2004992626005466,0.35695509989690516,0.03569550998969052,0.06996191398958311,1.1305373486109636,1.2704611765901297
customerWaitTable,waitTimeTable,THURSDAY,CLOSED,100,0.0,0.0,0.0,0.0,0.0,0.0
customerWaitTable,waitTimeTable,THURSDAY,DINNER,100,0.7682976626565606,0.06858878160728013,0.006858878160728013,0.013443154169375231,0.7548545084871854,0.7817408168259359
customerWaitTable,waitTimeTable,THURSDAY,LUNCH,100,0.7392563336831764,0.054739782711716756,0.005473978271171675,0.010728800263651311,0.7285275334195251,0.7499851339468278
customerWaitTable,waitTimeTable,TUESDAY,BREAK,100,0.793810570967921,0.13129863077608958,0.013129863077608958,0.025734058754055784,0.7680765122138652,0.8195446297219767
customerWaitTable,waitTimeTable,TUESDAY,BREAKFAST,100,1.2342766140463373,0.44278284229959114,0.044278284229959115,0.08678384238794769,1.1474927716583896,1.321060456434285
customerWaitTable,waitTimeTable,TUESDAY,CLOSED,100,0.0,0.0,0.0,0.0,0.0,0.0
customerWaitTable,waitTimeTable,TUESDAY,DINNER,100,0.7923625400063357,0.07928487328130446,0.007928487328130446,0.015539549615017873,0.7768229903913177,0.8079020896213536
customerWaitTable,waitTimeTable,TUESDAY,LUNCH,100,0.7477274409042529,0.06134111593795919,0.006134111593795919,0.012022637800989588,0.7357048031032634,0.7597500787052425
customerWaitTable,waitTimeTable,WEDNESDAY,BREAK,100,0.7936824994336001,0.11300931456591295,0.011300931456591296,0.022149418646674707,0.7715330807869254,0.8158319180802749
customerWaitTable,waitTimeTable,WEDNESDAY,BREAKFAST,100,1.1344350651244501,0.3397162090441586,0.03397162090441586,0.0665831534691031,1.067851911655347,1.2010182185935532
customerWaitTable,waitTimeTable,WEDNESDAY,CLOSED,100,0.0,0.0,0.0,0.0,0.0,0.0
customerWaitTable,waitTimeTable,WEDNESDAY,DINNER,100,0.7764173371615135,0.06611867319331584,0.006611867319331584,0.012959021816447295,0.7634583153450663,0.7893763589779608
customerWaitTable,waitTimeTable,WEDNESDAY,LUNCH,100,0.7417195410022989,0.049893177688944836,0.004989317768894484,0.009778883134458922,0.7319406578678399,0.7514984241367578
