start_timestamp,end_timestamp,weekday,hour,period,waiters,cooks
1970-01-05 07:00:00,1970-01-05 11:00:00,Monday,07:00:00,morning,2,2
1970-01-05 11:00:00,1970-01-05 15:00:00,Monday,11:00:00,lunch,5,4
1970-01-05 15:00:00,1970-01-05 19:00:00,Monday,15:00:00,break,3,2
1970-01-05 19:00:00,1970-01-05 23:00:00,Monday,19:00:00,dinner,6,5
1970-01-05 23:00:00,1970-01-06 07:00:00,Monday,23:00:00,closed,0,0
1970-01-06 07:00:00,1970-01-06 11:00:00,Tuesday,07:00:00,morning,2,2
1970-01-06 11:00:00,1970-01-06 15:00:00,Tuesday,11:00:00,lunch,5,4
1970-01-06 15:00:00,1970-01-06 19:00:00,Tuesday,15:00:00,break,3,2
1970-01-06 19:00:00,1970-01-06 23:00:00,Tuesday,19:00:00,dinner,6,5
1970-01-06 23:00:00,1970-01-07 07:00:00,Tuesday,23:00:00,closed,0,0
1970-01-07 07:00:00,1970-01-07 11:00:00,Wednesday,07:00:00,morning,2,2
1970-01-07 11:00:00,1970-01-07 15:00:00,Wednesday,11:00:00,lunch,5,4
1970-01-07 15:00:00,1970-01-07 19:00:00,Wednesday,15:00:00,break,3,2
1970-01-07 19:00:00,1970-01-07 23:00:00,Wednesday,19:00:00,dinner,6,5
1970-01-07 23:00:00,1970-01-08 07:00:00,Wednesday,23:00:00,closed,0,0
1970-01-08 07:00:00,1970-01-08 11:00:00,Thursday,07:00:00,morning,2,2
1970-01-08 11:00:00,1970-01-08 15:00:00,Thursday,11:00:00,lunch,5,4
1970-01-08 15:00:00,1970-01-08 19:00:00,Thursday,15:00:00,break,3,2
1970-01-08 19:00:00,1970-01-08 23:00:00,Thursday,19:00:00,dinner,6,5
1970-01-08 23:00:00,1970-01-09 07:00:00,Thursday,23:00:00,closed,0,0
1970-01-09 07:00:00,1970-01-09 11:00:00,Friday,07:00:00,morning,2,2
1970-01-09 11:00:00,1970-01-09 15:00:00,Friday,11:00:00,lunch,5,4
1970-01-09 15:00:00,1970-01-09 19:00:00,Friday,15:00:00,break,3,2
1970-01-09 19:00:00,1970-01-09 23:00:00,Friday,19:00:00,dinner,6,5
1970-01-09 23:00:00,1970-01-10 07:00:00,Friday,23:00:00,closed,0,0
1970-01-10 07:00:00,1970-01-10 11:00:00,Saturday,07:00:00,morning,2,2
1970-01-10 11:00:00,1970-01-10 15:00:00,Saturday,11:00:00,lunch,5,4
1970-01-10 15:00:00,1970-01-10 19:00:00,Saturday,15:00:00,break,3,2
1970-01-10 19:00:00,1970-01-10 23:00:00,Saturday,19:00:00,dinner,6,5
1970-01-10 23:00:00,1970-01-11 07:00:00,Saturday,23:00:00,closed,0,0
1970-01-11 07:00:00,1970-01-11 11:00:00,Sunday,07:00:00,morning,2,2
1970-01-11 11:00:00,1970-01-11 15:00:00,Sunday,11:00:00,lunch,5,4
1970-01-11 15:00:00,1970-01-11 19:00:00,Sunday,15:00:00,break,3,2
1970-01-11 19:00:00,1970-01-11 23:00:00,Sunday,19:00:00,dinner,6,5
1970-01-11 23:00:00,1970-01-12 07:00:00,Sunday,23:00:00,closed,0,0
