weekday,daypart,totalServed
SUNDAY,BREAKFAST,27.0
SUNDAY,LUNCH,64.0
SUNDAY,BREAK,70.0
SUNDAY,DINNER,39.0
SUNDAY,CLOSED,47.0
MONDAY,BREAKFAST,22.0
MONDAY,LUNCH,34.0
MONDAY,BREAK,17.0
MONDAY,DINNER,30.0
MONDAY,CLOSED,20.0
TUESDAY,BREAKFAST,20.0
TUESDAY,LUNCH,22.0
TUESDAY,BREAK,33.0
TUESDAY,DINNER,27.0
TUESDAY,CLOSED,16.0
WEDNESDAY,BREAKFAST,18.0
WEDNESDAY,LUNCH,24.0
WEDNESDAY,BREAK,27.0
WEDNESDAY,DINNER,22.0
WEDNESDAY,CLOSED,9.0
THURSDAY,BREAKFAST,14.0
THURSDAY,LUNCH,27.0
THURSDAY,BREAK,31.0
THURSDAY,DINNER,28.0
THURSDAY,CLOSED,25.0
FRIDAY,BREAKFAST,23.0
FRIDAY,LUNCH,49.0
FRIDAY,BREAK,41.0
FRIDAY,DINNER,73.0
FRIDAY,CLOSED,65.0
SATURDAY,BREAKFAST,18.0
SATURDAY,LUNCH,83.0
SATURDAY,BREAK,88.0
SATURDAY,DINNER,64.0
SATURDAY,CLOSED,67.0
