weekday,daypart,waitTimeEntrance
SUNDAY,BREAKFAST,0.4797794871794872
SUNDAY,LUNCH,0.11470196078431372
SUNDAY,BREAK,0.05388611111111111
SUNDAY,DINNER,0.1892525
SUNDAY,CLOSED,0.0
MONDAY,BREAKFAST,0.0
MONDAY,LUNCH,0.06973444444444445
MONDAY,BREAK,0.0
MONDAY,DINNER,0.12462152777777778
MONDAY,CLOSED,0.0
TUESDAY,BREAKFAST,0.14975877192982456
TUESDAY,LUNCH,0.11775869565217391
TUESDAY,BREAK,0.039372727272727275
TUESDAY,DINNER,0.03638703703703704
TUESDAY,CLOSED,0.0
WEDNESDAY,BREAKFAST,0.12643000000000001
WEDNESDAY,LUNCH,0.07133550724637681
WEDNESDAY,BREAK,0.2289027777777778
WEDNESDAY,DINNER,0.32565119047619046
WEDNESDAY,CLOSED,0.0
THURSDAY,BREAKFAST,0.0
THURSDAY,LUNCH,0.047264814814814815
THURSDAY,BREAK,0.14518787878787878
THURSDAY,DINNER,0.0484421568627451
THURSDAY,CLOSED,0.0
FRIDAY,BREAKFAST,0.1449526315789474
FRIDAY,LUNCH,0.25695388888888887
FRIDAY,BREAK,0.0
FRIDAY,DINNER,0.2894992592592593
FRIDAY,CLOSED,0.0
SATURDAY,BREAKFAST,0.1557522222222222
SATURDAY,LUNCH,0.30286759259259255
SATURDAY,BREAK,0.18931481481481482
SATURDAY,DINNER,0.18494459459459459
SATURDAY,CLOSED,0.0
