weekday,daypart,waitTimeTable
SUNDAY,BREAKFAST,1.027952380952381
SUNDAY,LUNCH,0.7816909722222222
SUNDAY,BREAK,0.6552509803921568
SUNDAY,DINNER,0.8952452991452992
SUNDAY,CLOSED,0.0
MONDAY,BREAKFAST,0.7158291666666666
MONDAY,LUNCH,0.7452625
MONDAY,BREAK,0.7675257575757576
MONDAY,DINNER,0.8182015151515152
MONDAY,CLOSED,0.0
TUESDAY,BREAKFAST,1.2029991666666668
TUESDAY,LUNCH,0.7140184523809524
TUESDAY,BREAK,0.8449314814814815
TUESDAY,DINNER,0.8654675925925925
TUESDAY,CLOSED,0.0
WEDNESDAY,BREAKFAST,0.8664416666666667
WEDNESDAY,LUNCH,0.736459090909091
WEDNESDAY,BREAK,0.9209166666666667
WEDNESDAY,DINNER,0.7456158333333334
WEDNESDAY,CLOSED,0.0
THURSDAY,BREAKFAST,1.0376225490196078
THURSDAY,LUNCH,0.7272464912280702
THURSDAY,BREAK,0.772469696969697
THURSDAY,DINNER,0.8490863636363636
THURSDAY,CLOSED,0.0
FRIDAY,BREAKFAST,1.01903
FRIDAY,LUNCH,0.7428147619047619
FRIDAY,BREAK,0.842259090909091
FRIDAY,DINNER,0.7623413978494623
FRIDAY,CLOSED,0.0
SATURDAY,BREAKFAST,1.8828947368421052
SATURDAY,LUNCH,0.691907843137255
SATURDAY,BREAK,0.769234375
SATURDAY,DINNER,0.8631439814814814
SATURDAY,CLOSED,0.0
