weekday,daypart,total
SUNDAY,BREAKFAST,67.6
SUNDAY,LUNCH,974.3
SUNDAY,BREAK,768.5
SUNDAY,DINNER,917.0
SUNDAY,CLOSED,356.5
MONDAY,BREAKFAST,93.1
MONDAY,LUNCH,469.0
MONDAY,BREAK,124.8
MONDAY,DINNER,729.5
MONDAY,CLOSED,339.0
TUESDAY,BREAKFAST,102.10000000000001
TUESDAY,LUNCH,503.8
TUESDAY,BREAK,505.6
TUESDAY,DINNER,417.9
TUESDAY,CLOSED,299.0
WEDNESDAY,BREAKFAST,99.4
WEDNESDAY,LUNCH,655.5
WEDNESDAY,BREAK,505.8
WEDNESDAY,DINNER,599.0
WEDNESDAY,CLOSED,871.0
THURSDAY,BREAKFAST,125.5
THURSDAY,LUNCH,380.8
THURSDAY,BREAK,388.7
THURSDAY,DINNER,747.8
THURSDAY,CLOSED,438.0
FRIDAY,BREAKFAST,73.4
FRIDAY,LUNCH,767.2
FRIDAY,BREAK,492.6
FRIDAY,DINNER,810.3
FRIDAY,CLOSED,978.0
SATURDAY,BREAKFAST,63.3
SATURDAY,LUNCH,496.5
SATURDAY,BREAK,837.5
SATURDAY,DINNER,1242.1
SATURDAY,CLOSED,1138.5
