weekday,daypart,inside,outside,bar
SUNDAY,BREAKFAST,-1.0,-1.0,10.0
SUNDAY,LUNCH,38.125,-1.0,2.9166666666666665
SUNDAY,BREAK,6.041666666666666,-1.0,22.083333333333336
SUNDAY,DINNER,52.708333333333336,-1.0,6.666666666666667
SUNDAY,CLOSED,2.9729729729729732,-1.0,-1.0
MONDAY,BREAKFAST,-1.0,-1.0,7.083333333333333
MONDAY,LUNCH,21.458333333333336,-1.0,-1.0
MONDAY,BREAK,2.9166666666666665,-1.0,5.0
MONDAY,DINNER,47.29166666666667,-1.0,0.4166666666666667
MONDAY,CLOSED,2.8125,-1.0,1.25
TUESDAY,BREAKFAST,-1.0,-1.0,15.833333333333332
TUESDAY,LUNCH,26.25,-1.0,1.6666666666666667
TUESDAY,BREAK,30.833333333333336,-1.0,9.583333333333334
TUESDAY,DINNER,34.375,-1.0,2.5
TUESDAY,CLOSED,2.3958333333333335,-1.0,-1.0
WEDNESDAY,BREAKFAST,-1.0,-1.0,12.916666666666668
WEDNESDAY,LUNCH,44.375,-1.0,4.583333333333333
WEDNESDAY,BREAK,25.0,-1.0,19.166666666666668
WEDNESDAY,DINNER,28.125,-1.0,15.0
WEDNESDAY,CLOSED,1.0416666666666667,-1.0,-1.0
THURSDAY,BREAKFAST,-1.0,-1.0,14.583333333333332
THURSDAY,LUNCH,26.875,-1.0,0.8333333333333334
THURSDAY,BREAK,5.0,-1.0,7.5
THURSDAY,DINNER,51.66666666666667,-1.0,3.75
THURSDAY,CLOSED,2.5,-1.0,-1.0
FRIDAY,BREAKFAST,-1.0,-1.0,12.5
FRIDAY,LUNCH,31.874999999999996,-1.0,-1.0
FRIDAY,BREAK,3.958333333333333,-1.0,15.0
FRIDAY,DINNER,56.666666666666664,-1.0,7.5
FRIDAY,CLOSED,4.895833333333333,-1.0,-1.0
SATURDAY,BREAKFAST,-1.0,-1.0,12.916666666666668
SATURDAY,LUNCH,38.125,-1.0,8.75
SATURDAY,BREAK,5.0,-1.0,17.083333333333332
SATURDAY,DINNER,65.20833333333333,13.333333333333334,5.833333333333333
SATURDAY,CLOSED,2.2916666666666665,1.4583333333333333,-1.0
