"name","dayPart","category","course","popularityWeight","price","prepTimeMeanMin","prepTimeSdMin","complexity","kitchenStation","requiresKitchen","isCombo","isFixedMenu","serviceTimeMeanMin","eatingTimeMeanMin","available"
"Espresso","BREAKFAST","DRINK","0","30","1.30","1.0","0.3","1","BAR","true","false","false","0.5","6","true"
"Cappuccino","BREAKFAST","DRINK","0","24","1.80","2.0","0.5","1","BAR","true","false","false","0.7","8","true"
"Tea","BREAKFAST","DRINK","0","8","2.00","2.5","0.6","1","BAR","true","false","false","0.6","10","true"
"Plain croissant","BREAKFAST","MAIN","1","20","1.50","0.8","0.2","1","BAR","false","false","false","0.4","7","true"
"Filled croissant","BREAKFAST","MAIN","1","14","2.20","1.2","0.3","1","BAR","true","false","false","0.5","8","true"
"Ham and cheese toast","BREAKFAST","MAIN","1","10","4.50","4.0","1.0","2","BAR","true","false","false","0.8","12","true"
"Breakfast combo coffee + croissant + juice","BREAKFAST","COMBO","1","18","4.80","2.5","0.6","1","BAR","true","true","false","1.0","12","true"
"Orange juice","BREAKFAST","DRINK","0","9","2.50","1.0","0.2","1","BAR","true","false","false","0.4","6","true"
"Quick sandwich","BREAK","MAIN","1","18","5.50","3.0","0.8","1","BAR","true","false","false","0.8","15","true"
"Pizza slice","BREAK","MAIN","1","16","4.50","2.5","0.7","1","HOT","true","false","false","0.7","12","true"
"Takeaway salad","BREAK","MAIN","1","8","6.50","3.0","0.8","1","COLD","true","false","false","0.8","14","true"
"Soft drink","BREAK","DRINK","0","12","3.00","0.5","0.1","1","BAR","false","false","false","0.3","8","true"
"Afternoon coffee","BREAK","DRINK","0","15","1.30","1.0","0.3","1","BAR","true","false","false","0.5","6","true"
"Aperitif drink","BREAK","DRINK","0","10","6.00","2.0","0.5","1","BAR","true","false","false","0.8","18","true"
"Aperitif platter","BREAK","MAIN","1","7","9.00","5.0","1.5","2","COLD","true","false","false","1.0","22","true"
"Pasta with tomato sauce","LUNCH","MAIN","1","20","8.50","8.0","2.0","2","HOT","true","false","false","1.2","22","true"
"Pasta with meat sauce","LUNCH","MAIN","1","17","9.50","9.0","2.5","2","HOT","true","false","false","1.2","24","true"
"Risotto of the day","LUNCH","MAIN","1","10","10.50","11.0","3.0","3","HOT","true","false","false","1.3","26","true"
"Cutlet with side dish","LUNCH","MAIN","2","14","12.50","12.0","3.0","3","HOT","true","false","false","1.5","28","true"
"Mixed salad","LUNCH","SIDE","1","12","7.00","4.0","1.0","1","COLD","true","false","false","0.8","18","true"
"Water","LUNCH","DRINK","0","28","1.50","0.2","0.1","1","BAR","false","false","false","0.2","0","true"
"Glass of wine","LUNCH","DRINK","0","8","4.00","0.5","0.2","1","BAR","true","false","false","0.4","0","true"
"Lunch dessert","LUNCH","DESSERT","3","7","4.50","2.0","0.5","1","COLD","true","false","false","0.6","10","true"
"Workers' menu","LUNCH","FIXED_MENU","1","22","12.00","7.0","1.5","2","HOT","true","false","true","1.0","22","true"
"Appetizer","DINNER","MAIN","1","12","9.50","6.0","1.5","2","COLD","true","false","false","1.0","18","true"
"Dinner first course","DINNER","MAIN","1","18","11.50","10.0","2.5","2","HOT","true","false","false","1.3","28","true"
"Dinner main course","DINNER","MAIN","2","15","15.50","14.0","3.0","3","HOT","true","false","false","1.5","32","true"
"Side dish","DINNER","SIDE","2","10","5.00","4.0","1.0","1","HOT","true","false","false","0.8","10","true"
"Dessert","DINNER","DESSERT","3","11","5.50","3.0","0.8","1","COLD","true","false","false","0.7","14","true"
"Medium beer","DINNER","DRINK","0","12","5.00","0.5","0.2","1","BAR","true","false","false","0.4","0","true"
"Bottle of wine","DINNER","DRINK","0","7","16.00","1.0","0.3","1","BAR","true","false","false","0.8","0","true"
"Full dinner menu","DINNER","FIXED_MENU","1","6","25.00","12.0","2.0","3","HOT","true","false","true","1.5","45","true"