weekday,daypart,waitTimePay
SUNDAY,BREAKFAST,1.3588444444444443
SUNDAY,LUNCH,0.8103447368421053
SUNDAY,BREAK,0.7302525641025641
SUNDAY,DINNER,0.8791000000000001
SUNDAY,CLOSED,0.3563962962962963
MONDAY,BREAKFAST,1.0449680555555556
MONDAY,LUNCH,0.7089333333333333
MONDAY,BREAK,0.684362962962963
MONDAY,DINNER,0.9580816666666667
MONDAY,CLOSED,1.0741611111111111
TUESDAY,BREAKFAST,3.893459848484848
TUESDAY,LUNCH,0.7523730158730159
TUESDAY,BREAK,1.0298144444444444
TUESDAY,DINNER,0.6998599999999999
TUESDAY,CLOSED,0.0
WEDNESDAY,BREAKFAST,1.3329238095238094
WEDNESDAY,LUNCH,0.7129962962962964
WEDNESDAY,BREAK,0.4754933333333334
WEDNESDAY,DINNER,0.4956145833333333
WEDNESDAY,CLOSED,0.5552055555555556
THURSDAY,BREAKFAST,3.246682142857143
THURSDAY,LUNCH,0.6201407407407408
THURSDAY,BREAK,0.6934440476190477
THURSDAY,DINNER,0.65525
THURSDAY,CLOSED,0.6505037037037037
FRIDAY,BREAKFAST,1.344576388888889
FRIDAY,LUNCH,0.6161761904761905
FRIDAY,BREAK,0.6118433333333334
FRIDAY,DINNER,0.9408428571428571
FRIDAY,CLOSED,0.4118974358974359
SATURDAY,BREAKFAST,3.8952361111111107
SATURDAY,LUNCH,0.9001072463768116
SATURDAY,BREAK,0.4779305555555556
SATURDAY,DINNER,0.7037948717948718
SATURDAY,CLOSED,0.3909738095238095
