start_timestamp,end_timestamp,arrival_rate,weekday,hour,avg_group_size
1970-01-05 07:00:00,1970-01-05 08:00:00,5,Monday,07:00:00,1.5
1970-01-05 08:00:00,1970-01-05 09:00:00,12,Monday,08:00:00,1.5
1970-01-05 09:00:00,1970-01-05 10:00:00,14,Monday,09:00:00,1.5
1970-01-05 10:00:00,1970-01-05 11:00:00,8,Monday,10:00:00,1.5
1970-01-05 11:00:00,1970-01-05 12:00:00,6,Monday,11:00:00,2.5
1970-01-05 12:00:00,1970-01-05 13:00:00,18,Monday,12:00:00,2.5
1970-01-05 13:00:00,1970-01-05 14:00:00,28,Monday,13:00:00,2.5
1970-01-05 14:00:00,1970-01-05 15:00:00,16,Monday,14:00:00,2.5
1970-01-05 15:00:00,1970-01-05 16:00:00,4,Monday,15:00:00,2.0
1970-01-05 16:00:00,1970-01-05 17:00:00,3,Monday,16:00:00,2.0
1970-01-05 17:00:00,1970-01-05 18:00:00,5,Monday,17:00:00,2.0
1970-01-05 18:00:00,1970-01-05 19:00:00,12,Monday,18:00:00,2.0
1970-01-05 19:00:00,1970-01-05 20:00:00,18,Monday,19:00:00,3.5
1970-01-05 20:00:00,1970-01-05 21:00:00,20,Monday,20:00:00,3.5
1970-01-05 21:00:00,1970-01-05 22:00:00,12,Monday,21:00:00,3.5
1970-01-05 22:00:00,1970-01-05 23:00:00,5,Monday,22:00:00,3.5
1970-01-05 23:00:00,1970-01-06 07:00:00,0,Monday,23:00:00,2.0
1970-01-06 07:00:00,1970-01-06 08:00:00,5,Tuesday,07:00:00,1.5
1970-01-06 08:00:00,1970-01-06 09:00:00,14,Tuesday,08:00:00,1.5
1970-01-06 09:00:00,1970-01-06 10:00:00,15,Tuesday,09:00:00,1.5
1970-01-06 10:00:00,1970-01-06 11:00:00,8,Tuesday,10:00:00,1.5
1970-01-06 11:00:00,1970-01-06 12:00:00,6,Tuesday,11:00:00,2.5
1970-01-06 12:00:00,1970-01-06 13:00:00,19,Tuesday,12:00:00,2.5
1970-01-06 13:00:00,1970-01-06 14:00:00,29,Tuesday,13:00:00,2.5
1970-01-06 14:00:00,1970-01-06 15:00:00,16,Tuesday,14:00:00,2.5
1970-01-06 15:00:00,1970-01-06 16:00:00,4,Tuesday,15:00:00,2.0
1970-01-06 16:00:00,1970-01-06 17:00:00,3,Tuesday,16:00:00,2.0
1970-01-06 17:00:00,1970-01-06 18:00:00,6,Tuesday,17:00:00,2.0
1970-01-06 18:00:00,1970-01-06 19:00:00,12,Tuesday,18:00:00,2.0
1970-01-06 19:00:00,1970-01-06 20:00:00,19,Tuesday,19:00:00,3.5
1970-01-06 20:00:00,1970-01-06 21:00:00,25,Tuesday,20:00:00,3.5
1970-01-06 21:00:00,1970-01-06 22:00:00,12,Tuesday,21:00:00,3.5
1970-01-06 22:00:00,1970-01-06 23:00:00,5,Tuesday,22:00:00,3.5
1970-01-06 23:00:00,1970-01-07 07:00:00,0,Tuesday,23:00:00,2.0
1970-01-07 07:00:00,1970-01-07 08:00:00,5,Wednesday,07:00:00,1.5
1970-01-07 08:00:00,1970-01-07 09:00:00,13,Wednesday,08:00:00,1.5
1970-01-07 09:00:00,1970-01-07 10:00:00,15,Wednesday,09:00:00,1.5
1970-01-07 10:00:00,1970-01-07 11:00:00,8,Wednesday,10:00:00,1.5
1970-01-07 11:00:00,1970-01-07 12:00:00,6,Wednesday,11:00:00,2.5
1970-01-07 12:00:00,1970-01-07 13:00:00,20,Wednesday,12:00:00,2.5
1970-01-07 13:00:00,1970-01-07 14:00:00,29,Wednesday,13:00:00,2.5
1970-01-07 14:00:00,1970-01-07 15:00:00,16,Wednesday,14:00:00,2.5
1970-01-07 15:00:00,1970-01-07 16:00:00,4,Wednesday,15:00:00,2.0
1970-01-07 16:00:00,1970-01-07 17:00:00,3,Wednesday,16:00:00,2.0
1970-01-07 17:00:00,1970-01-07 18:00:00,6,Wednesday,17:00:00,2.0
1970-01-07 18:00:00,1970-01-07 19:00:00,13,Wednesday,18:00:00,2.0
1970-01-07 19:00:00,1970-01-07 20:00:00,19,Wednesday,19:00:00,3.5
1970-01-07 20:00:00,1970-01-07 21:00:00,21,Wednesday,20:00:00,3.5
1970-01-07 21:00:00,1970-01-07 22:00:00,13,Wednesday,21:00:00,3.5
1970-01-07 22:00:00,1970-01-07 23:00:00,6,Wednesday,22:00:00,3.5
1970-01-07 23:00:00,1970-01-08 07:00:00,0,Wednesday,23:00:00,2.0
1970-01-08 07:00:00,1970-01-08 08:00:00,6,Thursday,07:00:00,1.5
1970-01-08 08:00:00,1970-01-08 09:00:00,14,Thursday,08:00:00,1.5
1970-01-08 09:00:00,1970-01-08 10:00:00,16,Thursday,09:00:00,1.5
1970-01-08 10:00:00,1970-01-08 11:00:00,9,Thursday,10:00:00,1.5
1970-01-08 11:00:00,1970-01-08 12:00:00,7,Thursday,11:00:00,2.5
1970-01-08 12:00:00,1970-01-08 13:00:00,20,Thursday,12:00:00,2.5
1970-01-08 13:00:00,1970-01-08 14:00:00,30,Thursday,13:00:00,2.5
1970-01-08 14:00:00,1970-01-08 15:00:00,17,Thursday,14:00:00,2.5
1970-01-08 15:00:00,1970-01-08 16:00:00,5,Thursday,15:00:00,2.0
1970-01-08 16:00:00,1970-01-08 17:00:00,4,Thursday,16:00:00,2.0
1970-01-08 17:00:00,1970-01-08 18:00:00,7,Thursday,17:00:00,2.0
1970-01-08 18:00:00,1970-01-08 19:00:00,15,Thursday,18:00:00,2.0
1970-01-08 19:00:00,1970-01-08 20:00:00,20,Thursday,19:00:00,3.5
1970-01-08 20:00:00,1970-01-08 21:00:00,22,Thursday,20:00:00,3.5
1970-01-08 21:00:00,1970-01-08 22:00:00,15,Thursday,21:00:00,3.5
1970-01-08 22:00:00,1970-01-08 23:00:00,7,Thursday,22:00:00,3.5
1970-01-08 23:00:00,1970-01-09 07:00:00,0,Thursday,23:00:00,2.0
1970-01-09 07:00:00,1970-01-09 08:00:00,6,Friday,07:00:00,1.5
1970-01-09 08:00:00,1970-01-09 09:00:00,15,Friday,08:00:00,1.5
1970-01-09 09:00:00,1970-01-09 10:00:00,17,Friday,09:00:00,1.5
1970-01-09 10:00:00,1970-01-09 11:00:00,10,Friday,10:00:00,1.5
1970-01-09 11:00:00,1970-01-09 12:00:00,9,Friday,11:00:00,2.5
1970-01-09 12:00:00,1970-01-09 13:00:00,22,Friday,12:00:00,2.5
1970-01-09 13:00:00,1970-01-09 14:00:00,32,Friday,13:00:00,2.5
1970-01-09 14:00:00,1970-01-09 15:00:00,20,Friday,14:00:00,2.5
1970-01-09 15:00:00,1970-01-09 16:00:00,6,Friday,15:00:00,2.0
1970-01-09 16:00:00,1970-01-09 17:00:00,7,Friday,16:00:00,2.0
1970-01-09 17:00:00,1970-01-09 18:00:00,12,Friday,17:00:00,2.0
1970-01-09 18:00:00,1970-01-09 19:00:00,18,Friday,18:00:00,2.0
1970-01-09 19:00:00,1970-01-09 20:00:00,26,Friday,19:00:00,3.5
1970-01-09 20:00:00,1970-01-09 21:00:00,28,Friday,20:00:00,3.5
1970-01-09 21:00:00,1970-01-09 22:00:00,22,Friday,21:00:00,3.5
1970-01-09 22:00:00,1970-01-09 23:00:00,12,Friday,22:00:00,3.5
1970-01-09 23:00:00,1970-01-10 07:00:00,0,Friday,23:00:00,2.0
1970-01-10 07:00:00,1970-01-10 08:00:00,3,Saturday,07:00:00,1.5
1970-01-10 08:00:00,1970-01-10 09:00:00,6,Saturday,08:00:00,1.5
1970-01-10 09:00:00,1970-01-10 10:00:00,16,Saturday,09:00:00,1.5
1970-01-10 10:00:00,1970-01-10 11:00:00,24,Saturday,10:00:00,1.5
1970-01-10 11:00:00,1970-01-10 12:00:00,26,Saturday,11:00:00,2.5
1970-01-10 12:00:00,1970-01-10 13:00:00,24,Saturday,12:00:00,2.5
1970-01-10 13:00:00,1970-01-10 14:00:00,28,Saturday,13:00:00,2.5
1970-01-10 14:00:00,1970-01-10 15:00:00,24,Saturday,14:00:00,2.5
1970-01-10 15:00:00,1970-01-10 16:00:00,12,Saturday,15:00:00,2.0
1970-01-10 16:00:00,1970-01-10 17:00:00,10,Saturday,16:00:00,2.0
1970-01-10 17:00:00,1970-01-10 18:00:00,14,Saturday,17:00:00,2.0
1970-01-10 18:00:00,1970-01-10 19:00:00,22,Saturday,18:00:00,2.0
1970-01-10 19:00:00,1970-01-10 20:00:00,30,Saturday,19:00:00,3.5
1970-01-10 20:00:00,1970-01-10 21:00:00,32,Saturday,20:00:00,3.5
1970-01-10 21:00:00,1970-01-10 22:00:00,26,Saturday,21:00:00,3.5
1970-01-10 22:00:00,1970-01-10 23:00:00,16,Saturday,22:00:00,3.5
1970-01-10 23:00:00,1970-01-11 07:00:00,0,Saturday,23:00:00,2.0
1970-01-11 07:00:00,1970-01-11 08:00:00,3,Sunday,07:00:00,1.5
1970-01-11 08:00:00,1970-01-11 09:00:00,5,Sunday,08:00:00,1.5
1970-01-11 09:00:00,1970-01-11 10:00:00,14,Sunday,09:00:00,1.5
1970-01-11 10:00:00,1970-01-11 11:00:00,20,Sunday,10:00:00,1.5
1970-01-11 11:00:00,1970-01-11 12:00:00,22,Sunday,11:00:00,2.5
1970-01-11 12:00:00,1970-01-11 13:00:00,26,Sunday,12:00:00,2.5
1970-01-11 13:00:00,1970-01-11 14:00:00,28,Sunday,13:00:00,2.5
1970-01-11 14:00:00,1970-01-11 15:00:00,24,Sunday,14:00:00,2.5
1970-01-11 15:00:00,1970-01-11 16:00:00,14,Sunday,15:00:00,2.0
1970-01-11 16:00:00,1970-01-11 17:00:00,10,Sunday,16:00:00,2.0
1970-01-11 17:00:00,1970-01-11 18:00:00,10,Sunday,17:00:00,2.0
1970-01-11 18:00:00,1970-01-11 19:00:00,18,Sunday,18:00:00,2.0
1970-01-11 19:00:00,1970-01-11 20:00:00,22,Sunday,19:00:00,3.5
1970-01-11 20:00:00,1970-01-11 21:00:00,24,Sunday,20:00:00,3.5
1970-01-11 21:00:00,1970-01-11 22:00:00,18,Sunday,21:00:00,3.5
1970-01-11 22:00:00,1970-01-11 23:00:00,10,Sunday,22:00:00,3.5
1970-01-11 23:00:00,1970-01-12 07:00:00,0,Sunday,23:00:00,2.0
