week_hour_start,week_hour_end,weekday,start_hour,end_hour,arrival_rate
Mon 7:00 AM,Mon 8:00 AM,Mon,7:00 AM,8:00 AM,5
Mon 8:00 AM,Mon 9:00 AM,Mon,8:00 AM,9:00 AM,12
Mon 9:00 AM,Mon 10:00 AM,Mon,9:00 AM,10:00 AM,14
Mon 10:00 AM,Mon 11:00 AM,Mon,10:00 AM,11:00 AM,8
Mon 11:00 AM,Mon 12:00 PM,Mon,11:00 AM,12:00 PM,6
Mon 12:00 PM,Mon 1:00 PM,Mon,12:00 PM,1:00 PM,18
Mon 1:00 PM,Mon 2:00 PM,Mon,1:00 PM,2:00 PM,28
Mon 2:00 PM,Mon 3:00 PM,Mon,2:00 PM,3:00 PM,16
Mon 3:00 PM,Mon 4:00 PM,Mon,3:00 PM,4:00 PM,4
Mon 4:00 PM,Mon 5:00 PM,Mon,4:00 PM,5:00 PM,3
Mon 5:00 PM,Mon 6:00 PM,Mon,5:00 PM,6:00 PM,5
Mon 6:00 PM,Mon 7:00 PM,Mon,6:00 PM,7:00 PM,12
Mon 7:00 PM,Mon 8:00 PM,Mon,7:00 PM,8:00 PM,18
Mon 8:00 PM,Mon 9:00 PM,Mon,8:00 PM,9:00 PM,20
Mon 9:00 PM,Mon 10:00 PM,Mon,9:00 PM,10:00 PM,12
Mon 10:00 PM,Mon 11:00 PM,Mon,10:00 PM,11:00 PM,5
Tue 7:00 AM,Tue 8:00 AM,Tue,7:00 AM,8:00 AM,5
Tue 8:00 AM,Tue 9:00 AM,Tue,8:00 AM,9:00 AM,14
Tue 9:00 AM,Tue 10:00 AM,Tue,9:00 AM,10:00 AM,15
Tue 10:00 AM,Tue 11:00 AM,Tue,10:00 AM,11:00 AM,8
Tue 11:00 AM,Tue 12:00 PM,Tue,11:00 AM,12:00 PM,6
Tue 12:00 PM,Tue 1:00 PM,Tue,12:00 PM,1:00 PM,19
Tue 1:00 PM,Tue 2:00 PM,Tue,1:00 PM,2:00 PM,29
Tue 2:00 PM,Tue 3:00 PM,Tue,2:00 PM,3:00 PM,16
Tue 3:00 PM,Tue 4:00 PM,Tue,3:00 PM,4:00 PM,4
Tue 4:00 PM,Tue 5:00 PM,Tue,4:00 PM,5:00 PM,3
Tue 5:00 PM,Tue 6:00 PM,Tue,5:00 PM,6:00 PM,6
Tue 6:00 PM,Tue 7:00 PM,Tue,6:00 PM,7:00 PM,12
Tue 7:00 PM,Tue 8:00 PM,Tue,7:00 PM,8:00 PM,19
Tue 8:00 PM,Tue 9:00 PM,Tue,8:00 PM,9:00 PM,25
Tue 9:00 PM,Tue 10:00 PM,Tue,9:00 PM,10:00 PM,12
Tue 10:00 PM,Tue 11:00 PM,Tue,10:00 PM,11:00 PM,5
Wed 7:00 AM,Wed 8:00 AM,Wed,7:00 AM,8:00 AM,5
Wed 8:00 AM,Wed 9:00 AM,Wed,8:00 AM,9:00 AM,13
Wed 9:00 AM,Wed 10:00 AM,Wed,9:00 AM,10:00 AM,15
Wed 10:00 AM,Wed 11:00 AM,Wed,10:00 AM,11:00 AM,8
Wed 11:00 AM,Wed 12:00 PM,Wed,11:00 AM,12:00 PM,6
Wed 12:00 PM,Wed 1:00 PM,Wed,12:00 PM,1:00 PM,20
Wed 1:00 PM,Wed 2:00 PM,Wed,1:00 PM,2:00 PM,29
Wed 2:00 PM,Wed 3:00 PM,Wed,2:00 PM,3:00 PM,16
Wed 3:00 PM,Wed 4:00 PM,Wed,3:00 PM,4:00 PM,4
Wed 4:00 PM,Wed 5:00 PM,Wed,4:00 PM,5:00 PM,3
Wed 5:00 PM,Wed 6:00 PM,Wed,5:00 PM,6:00 PM,6
Wed 6:00 PM,Wed 7:00 PM,Wed,6:00 PM,7:00 PM,13
Wed 7:00 PM,Wed 8:00 PM,Wed,7:00 PM,8:00 PM,19
Wed 8:00 PM,Wed 9:00 PM,Wed,8:00 PM,9:00 PM,21
Wed 9:00 PM,Wed 10:00 PM,Wed,9:00 PM,10:00 PM,13
Wed 10:00 PM,Wed 11:00 PM,Wed,10:00 PM,11:00 PM,6
Thu 7:00 AM,Thu 8:00 AM,Thu,7:00 AM,8:00 AM,6
Thu 8:00 AM,Thu 9:00 AM,Thu,8:00 AM,9:00 AM,14
Thu 9:00 AM,Thu 10:00 AM,Thu,9:00 AM,10:00 AM,16
Thu 10:00 AM,Thu 11:00 AM,Thu,10:00 AM,11:00 AM,9
Thu 11:00 AM,Thu 12:00 PM,Thu,11:00 AM,12:00 PM,7
Thu 12:00 PM,Thu 1:00 PM,Thu,12:00 PM,1:00 PM,20
Thu 1:00 PM,Thu 2:00 PM,Thu,1:00 PM,2:00 PM,30
Thu 2:00 PM,Thu 3:00 PM,Thu,2:00 PM,3:00 PM,17
Thu 3:00 PM,Thu 4:00 PM,Thu,3:00 PM,4:00 PM,5
Thu 4:00 PM,Thu 5:00 PM,Thu,4:00 PM,5:00 PM,4
Thu 5:00 PM,Thu 6:00 PM,Thu,5:00 PM,6:00 PM,7
Thu 6:00 PM,Thu 7:00 PM,Thu,6:00 PM,7:00 PM,15
Thu 7:00 PM,Thu 8:00 PM,Thu,7:00 PM,8:00 PM,20
Thu 8:00 PM,Thu 9:00 PM,Thu,8:00 PM,9:00 PM,22
Thu 9:00 PM,Thu 10:00 PM,Thu,9:00 PM,10:00 PM,15
Thu 10:00 PM,Thu 11:00 PM,Thu,10:00 PM,11:00 PM,7
Fri 7:00 AM,Fri 8:00 AM,Fri,7:00 AM,8:00 AM,6
Fri 8:00 AM,Fri 9:00 AM,Fri,8:00 AM,9:00 AM,15
Fri 9:00 AM,Fri 10:00 AM,Fri,9:00 AM,10:00 AM,17
Fri 10:00 AM,Fri 11:00 AM,Fri,10:00 AM,11:00 AM,10
Fri 11:00 AM,Fri 12:00 PM,Fri,11:00 AM,12:00 PM,9
Fri 12:00 PM,Fri 1:00 PM,Fri,12:00 PM,1:00 PM,22
Fri 1:00 PM,Fri 2:00 PM,Fri,1:00 PM,2:00 PM,32
Fri 2:00 PM,Fri 3:00 PM,Fri,2:00 PM,3:00 PM,20
Fri 3:00 PM,Fri 4:00 PM,Fri,3:00 PM,4:00 PM,6
Fri 4:00 PM,Fri 5:00 PM,Fri,4:00 PM,5:00 PM,7
Fri 5:00 PM,Fri 6:00 PM,Fri,5:00 PM,6:00 PM,12
Fri 6:00 PM,Fri 7:00 PM,Fri,6:00 PM,7:00 PM,18
Fri 7:00 PM,Fri 8:00 PM,Fri,7:00 PM,8:00 PM,26
Fri 8:00 PM,Fri 9:00 PM,Fri,8:00 PM,9:00 PM,28
Fri 9:00 PM,Fri 10:00 PM,Fri,9:00 PM,10:00 PM,22
Fri 10:00 PM,Fri 11:00 PM,Fri,10:00 PM,11:00 PM,12
Sat 7:00 AM,Sat 8:00 AM,Sat,7:00 AM,8:00 AM,3
Sat 8:00 AM,Sat 9:00 AM,Sat,8:00 AM,9:00 AM,6
Sat 9:00 AM,Sat 10:00 AM,Sat,9:00 AM,10:00 AM,16
Sat 10:00 AM,Sat 11:00 AM,Sat,10:00 AM,11:00 AM,24
Sat 11:00 AM,Sat 12:00 PM,Sat,11:00 AM,12:00 PM,26
Sat 12:00 PM,Sat 1:00 PM,Sat,12:00 PM,1:00 PM,24
Sat 1:00 PM,Sat 2:00 PM,Sat,1:00 PM,2:00 PM,28
Sat 2:00 PM,Sat 3:00 PM,Sat,2:00 PM,3:00 PM,24
Sat 3:00 PM,Sat 4:00 PM,Sat,3:00 PM,4:00 PM,12
Sat 4:00 PM,Sat 5:00 PM,Sat,4:00 PM,5:00 PM,10
Sat 5:00 PM,Sat 6:00 PM,Sat,5:00 PM,6:00 PM,14
Sat 6:00 PM,Sat 7:00 PM,Sat,6:00 PM,7:00 PM,22
Sat 7:00 PM,Sat 8:00 PM,Sat,7:00 PM,8:00 PM,30
Sat 8:00 PM,Sat 9:00 PM,Sat,8:00 PM,9:00 PM,32
Sat 9:00 PM,Sat 10:00 PM,Sat,9:00 PM,10:00 PM,26
Sat 10:00 PM,Sat 11:00 PM,Sat,10:00 PM,11:00 PM,16
Sun 7:00 AM,Sun 8:00 AM,Sun,7:00 AM,8:00 AM,3
Sun 8:00 AM,Sun 9:00 AM,Sun,8:00 AM,9:00 AM,5
Sun 9:00 AM,Sun 10:00 AM,Sun,9:00 AM,10:00 AM,14
Sun 10:00 AM,Sun 11:00 AM,Sun,10:00 AM,11:00 AM,20
Sun 11:00 AM,Sun 12:00 PM,Sun,11:00 AM,12:00 PM,22
Sun 12:00 PM,Sun 1:00 PM,Sun,12:00 PM,1:00 PM,26
Sun 1:00 PM,Sun 2:00 PM,Sun,1:00 PM,2:00 PM,28
Sun 2:00 PM,Sun 3:00 PM,Sun,2:00 PM,3:00 PM,24
Sun 3:00 PM,Sun 4:00 PM,Sun,3:00 PM,4:00 PM,14
Sun 4:00 PM,Sun 5:00 PM,Sun,4:00 PM,5:00 PM,10
Sun 5:00 PM,Sun 6:00 PM,Sun,5:00 PM,6:00 PM,10
Sun 6:00 PM,Sun 7:00 PM,Sun,6:00 PM,7:00 PM,18
Sun 7:00 PM,Sun 8:00 PM,Sun,7:00 PM,8:00 PM,22
Sun 8:00 PM,Sun 9:00 PM,Sun,8:00 PM,9:00 PM,24
Sun 9:00 PM,Sun 10:00 PM,Sun,9:00 PM,10:00 PM,18
Sun 10:00 PM,Sun 11:00 PM,Sun,10:00 PM,11:00 PM,10
